INSERT INTO STUDENT (ID, NAME, BIRTHDAY, GROUPNUMBER) values (1, 'John', '2013-01-03', 1);
INSERT INTO STUDENT (ID, NAME, BIRTHDAY, GROUPNUMBER) values (2, 'Chris', '2013-01-03', 1);
INSERT INTO STUDENT (ID, NAME, BIRTHDAY, GROUPNUMBER) values (3, 'Carl', '2013-01-03', 1);
INSERT INTO STUDENT (ID, NAME, BIRTHDAY, GROUPNUMBER) values (4, 'Oliver', '2013-01-03', 2);
INSERT INTO STUDENT (ID, NAME, BIRTHDAY, GROUPNUMBER) values (5, 'James', '2013-01-03', 2);
INSERT INTO STUDENT (ID, NAME, BIRTHDAY, GROUPNUMBER) values (6, 'Lucas', '2013-01-03', 2);
INSERT INTO STUDENT (ID, NAME, BIRTHDAY, GROUPNUMBER) values (7, 'Henry', '2013-01-03', 2);
INSERT INTO STUDENT (ID, NAME, BIRTHDAY, GROUPNUMBER) values (8, 'Jacob', '2013-01-03', 3);
INSERT INTO STUDENT (ID, NAME, BIRTHDAY, GROUPNUMBER) values (9, 'Logan', '2013-01-03', 3);
INSERT INTO STUDENT (ID, NAME, BIRTHDAY, GROUPNUMBER) values (10, 'Kate', '2013-01-03', 4);
INSERT INTO STUDENT (ID, NAME, BIRTHDAY, GROUPNUMBER) values (11, 'Yura', '2013-01-03', 5);

INSERT INTO SUBJECT (id, name, grade)  values (1, 'Art', 1);
INSERT INTO SUBJECT (id, name, grade) values (2, 'Geography', 2 );
INSERT INTO SUBJECT (id, name, grade)  values (3, 'PE', 3);
INSERT INTO SUBJECT (id, name, grade) values (4, 'Science', 4 );
INSERT INTO SUBJECT (id, name, grade)  values (5, 'Math', 5);
INSERT INTO SUBJECT (id, name, grade) values (6, 'History', 5 );

INSERT INTO PAYMENTTYPE (ID, NAME) values (1, 'DAILY');
INSERT INTO PAYMENTTYPE (ID, NAME) values (2,  'WEEKLY' );
INSERT INTO PAYMENTTYPE (ID, NAME) values (3,  'MONTHLY' );

INSERT INTO PAYMENT (TYPE_ID, AMOUNT, PAYMENT_DATE, STUDENT_ID) VALUES ( 2, 50, '2013-01-03' ,  1);
INSERT INTO PAYMENT (TYPE_ID, AMOUNT, PAYMENT_DATE, STUDENT_ID) VALUES ( 3, 50, '2013-01-03' ,  4);
INSERT INTO PAYMENT (TYPE_ID, AMOUNT, PAYMENT_DATE, STUDENT_ID) VALUES ( 2, 50, '2013-01-03' ,  7);
INSERT INTO PAYMENT (TYPE_ID, AMOUNT, PAYMENT_DATE, STUDENT_ID) VALUES ( 1, 50, '2013-01-03' ,  5);


insert into MARK (STUDENT_ID, SUBJECT_ID, MARK) values ( 2, 1, 8);
insert into MARK (STUDENT_ID, SUBJECT_ID, MARK) values ( 4, 6, 5);
insert into MARK (STUDENT_ID, SUBJECT_ID, MARK) values ( 5, 2, 9);
insert into MARK (STUDENT_ID, SUBJECT_ID, MARK) values ( 8, 5, 4);
insert into MARK (STUDENT_ID, SUBJECT_ID, MARK) values ( 9, 3, 9);
insert into MARK (STUDENT_ID, SUBJECT_ID, MARK) values ( 1, 4, 6);
insert into MARK (STUDENT_ID, SUBJECT_ID, MARK) values ( 3, 6, 2);

select (s.NAME, P3.NAME) from STUDENT s inner join PAYMENT P2 on s.ID = P2.STUDENT_ID inner join PAYMENTTYPE P3 on P3.ID = P2.TYPE_ID;